ID,NAME,TWITTER,PARTY,CONSTITUENCY,NFOLLOWERS,NEWFOLLOWERSTODAY
1,Jeremy Corbyn,@jeremycorbyn,Labour,Islington North,1080607,19147
2,Ed Miliband,@Ed_Miliband,Labour,Doncaster North,625554,1320
3,Tom Watson,@tom_watson,Labour,West Bromwich East,230830,239
4,Chuka Umunna,@ChukaUmunna,Labour,Streatham,198567,524
5,Diane Abbott,@HackneyAbbott,Labour,Hackney North and Stoke Newington,143818,420
6,Yvette Cooper,@YvetteCooperMP,Labour,Normanton Pontefract and Castleford,131727,342
7,Harriet Harman,@HarrietHarman,Labour,Camberwell and Peckham,129028,205
8,John McDonnell,@johnmcdonnellMP,Labour,Hayes and Harlington,109833,388
9,David Lammy,@DavidLammy,Labour,Tottenham,87938,383
10,Stella Creasy,@stellacreasy,Labour,Walthamstow,85296,17
11,Liz Kendall,@leicesterliz,Labour,Leicester West,69380,101
12,Hilary Benn,@hilarybennmp,Labour,Leeds Central,69287,237
13,Rachel Reeves,@RachelReevesMP,Labour,Leeds West,66708,68
14,Luciana Berger,@lucianaberger,Labour,Liverpool Wavertree,59195,20
15,Dan Jarvis,@DanJarvisMP,Labour,Barnsley Central,57750,41
16,Angela Eagle,@angelaeagle,Labour,Wallasey,56382,76
17,Jess Phillips,@jessphillips,Labour,Birmingham Yardley,54377,70
18,Caroline Flint,@CarolineFlintMP,Labour,Don Valley,53125,59
19,Chris Bryant,@RhonddaBryant,Labour,Rhondda,51212,2
20,Emily Thornberry,@EmilyThornberry,Labour,Islington South and Finsbury,48728,758
21,Angela Rayner,@AngelaRayner,Labour,Ashton-under-Lyne,48050,142
22,Owen Smith,@OwenSmith_MP,Labour,Pontypridd,46974,57
23,Keir Starmer,@Keir_Starmer,Labour,Holborn and St Pancras,45876,202
24,Clive Lewis,@labourlewis,Labour,Norwich South,45434,60
25,Gloria de Piero,@GloriaDePiero,Labour,Ashfield,43691,27
26,Ben Bradshaw,@BenPBradshaw,Labour,Exeter,41469,0
27,Lisa Nandy,@lisanandy,Labour,Wigan,39765,44
28,Barry Gardiner,@BarryGardiner,Labour,Brent North,36561,232
29,Tulip Siddiq,@TulipSiddiq,Labour,Hampstead and Kilburn,34508,66
30,Jon Ashworth,@JonAshworth,Labour,Leicester South,34179,72
31,Maria Eagle,@meaglemp,Labour,Garston and Halewood,33699,41
32,Wes Streeting,@wesstreeting,Labour,Ilford North,33561,95
33,Heidi Alexander,@heidi_mp,Labour,Lewisham East,32507,20
34,Lucy Powell,@LucyMPowell,Labour,Manchester Central,31939,9
35,Stephen Twigg,@StephenTwigg,Labour,Liverpool West Derby,31325,14
36,Mary Creagh,@MaryCreaghMP,Labour,Wakefield,29841,23
37,Kerry McCarthy,@KerryMP,Labour,Bristol East,29363,-6
38,Richard Burgon,@RichardBurgon,Labour,Leeds East,29315,42
39,John Woodcock,@JWoodcockMP,Labour,Barrow and Furness,29150,8
40,Alison McGovern,@Alison_McGovern,Labour,Wirral South,28008,28
41,Sarah Champion,@SarahChampionMP,Labour,Rotherham,27937,33
42,Jonathan Reynolds,@jreynoldsMP,Labour,Stalybridge and Hyde,27472,27
43,Debbie Abrahams,@Debbie_abrahams,Labour,Oldham East and Saddleworth,27403,51
44,Liam Byrne,@LiamByrneMP,Labour,Birmingham Hodge Hill,26162,2
45,Andrew Gwynne,@GwynneMP,Labour,Denton and Reddish,26017,46
46,Kate Green,@KateGreenSU,Labour,Stretford and Urmston,25701,7
47,Cat Smith,@CatSmithMP,Labour,Lancaster and Fleetwood,24262,29
48,Margaret Hodge,@margarethodge,Labour,Barking,23338,12
49,Steve Reed,@SteveReedMP,Labour,Croydon North,23284,6
50,Toby Perkins,@tobyperkinsmp,Labour,Chesterfield,22616,9
51,Rebecca Long-Bailey,@RLong_Bailey,Labour,Salford and Eccles,22432,77
52,Chi Onwurah,@ChiOnwurah,Labour,Newcastle upon Tyne Central,22152,13
53,John Mann,@JohnMannMP,Labour,Bassetlaw,21893,5
54,Grahame Morris,@grahamemorris,Labour,Easington,21768,12
55,Ian Lavery,@IanLaveryMP,Labour,Wansbeck,21598,30
56,Andrew Slaughter,@hammersmithandy,Labour,Hammersmith,21444,12
57,Karl Turner,@KarlTurnerMP,Labour,Kingston upon Hull East,20802,134
58,Rushanara Ali,@rushanaraali,Labour,Bethnal Green and Bow,20653,17
59,Sharon Hodgson,@SharonHodgsonMP,Labour,Washington and Sunderland West,20156,19
60,Kate Hoey,@KateHoeyMP,Labour,Vauxhall,19514,7
61,Louise Ellman,@LouiseEllman,Labour,Liverpool Riverside,19142,24
62,Paul Flynn,@PaulFlynnMP,Labour,Newport West,19084,8
63,Diana Johnson,@DianaJohnsonMP,Labour,Kingston upon Hull North,19025,3
64,Mike Gapes,@MikeGapes,Labour,Ilford South,18720,21
65,Emma Reynolds,@EmmaReynoldsMP,Labour,Wolverhampton North East,18619,11
66,Naseem Shah,@NazShahBfd,Labour,Bradford West,18598,13
67,Lilian Greenwood,@LilianGreenwood,Labour,Nottingham South,18205,15
68,Rosena Allin-Khan,@DrRosena,Labour,Tooting,17913,40
69,Jon Cruddas,@JonCruddas_1,Labour,Dagenham and Rainham,17787,10
70,Jack Dromey,@JackDromeyMP,Labour,Birmingham Erdington,17787,6
71,Chris Leslie,@ChrisLeslieMP,Labour,Nottingham East,17496,18
72,Rupa Huq,@RupaHuq,Labour,Ealing Central and Acton,17451,51
73,Vernon Coaker,@Vernon_Coaker,Labour,Gedling,17450,23
74,John Healey,@JohnHealey_MP,Labour,Wentworth and Dearne,17291,14
75,Catherine West,@CatherineWest1,Labour,Hornsey and Wood Green,16721,12
76,Dawn Butler,@DawnButlerBrent,Labour,Brent Central,16480,20
77,Seema Malhotra,@SeemaMalhotra1,Labour,Feltham and Heston,16380,11
78,Ian Mearns,@IanMearnsMP,Labour,Gateshead,16350,13
79,Bridget Phillipson,@bphillipsonMP,Labour,Houghton and Sunderland South,16164,41
80,Pat McFadden,@patmcfaddenmp,Labour,Wolverhampton South East,16055,7
81,Catherine McKinnell,@CatMcKinnell,Labour,Newcastle upon Tyne North,16051,6
82,Kevin Brennan,@KevinBrennanMP,Labour,Cardiff West,16009,0
83,Ian Murray,@IanMurrayMP,Labour,Edinburgh South,15475,-4
84,David Hanson,@DavidHansonMP,Labour,Delyn,15213,1
85,Jon Trickett,@jon_trickett,Labour,Hemsworth,15209,27
86,Shabana Mahmood,@ShabanaMahmood,Labour,Birmingham Ladywood,15112,8
87,Louise Haigh,@LouHaigh,Labour,Sheffield Heeley,15108,11
88,Barbara Keeley,@KeeleyMP,Labour,Worsley and Eccles South,14926,17
89,Ian Austin,@IanAustinMP,Labour,Dudley North,14691,10
90,Jim McMahon,@JimfromOldham,Labour,Oldham West and Royton,14657,8
91,Stephen Kinnock,@SKinnock,Labour,Aberavon,14569,7
92,Frank Field,@frankfieldteam,Labour,Birkenhead,14553,2
93,Kevan Jones,@Kevan4NDurham,Labour,North Durham,14517,12
94,Jenny Chapman,@JennyChapman,Labour,Darlington,14261,6
95,Foysol Choudhury,@FoysolChoudhury,Labour,Edinburgh South West,14103,1
96,Meg Hillier,@Meg_HillierMP,Labour,Hackney South and Shoreditch,13979,12
97,Helen Goodman,@HelenGoodmanMP,Labour,Bishop Auckland,13915,14
98,Nicholas Dakin,@NicDakin4MP,Labour,Scunthorpe,13894,5
99,Anna Turley,@annaturley,Labour,Redcar,13871,-1
100,Stephen Doughty,@SDoughtyMP,Labour,Cardiff South and Penarth,13842,10
101,Roberta Blackman-Woods,@robertabwMP,Labour,City of Durham,13685,10
102,Angela Christine Smith,@angelasmithmp,Labour,Penistone and Stocksbridge,13681,7
103,Richard Burden,@RichardBurdenMP,Labour,Birmingham Northfield,13667,12
104,Chris Williamson,@ChriswMP,Labour,Derby North,13654,15
105,Jo Stevens,@JoStevensLabour,Labour,Cardiff Central,13483,13
106,Ivan Lewis,@IvanLewis_MP,Labour,Bury South,13419,10
107,Rachael Maskell,@RachaelMaskell,Labour,York Central,13418,17
108,Daniel Zeichner,@DanielZeichner,Labour,Cambridge,13213,21
109,Paul Blomfield,@PaulBlomfieldMP,Labour,Sheffield Central,13042,11
110,Yasmin Qureshi,@YasminQureshiMP,Labour,Bolton South East,12815,5
111,Paula Sherriff,@paulasherriff,Labour,Dewsbury,12763,2
112,Virendra Sharma,@VirendraSharma,Labour,Ealing Southall,12758,6
113,Blair McDougall,@blairmcdougall,Labour,East Renfrewshire,12697,-2
114,Alex Cunningham,@ACunninghamMP,Labour,Stockton North,12675,12
115,Andy McDonald,@AndyMcDonaldMP,Labour,Middlesbrough,12557,7
116,Bill Esterson,@Bill_Esterson,Labour,Sefton Central,12549,10
117,Steve McCabe,@steve_mccabe,Labour,Birmingham Selly Oak,12281,3
118,Phil Wilson,@VotePhilWilson,Labour,Sedgefield,12107,5
119,Stephen Timms,@stephenctimms,Labour,East Ham,11992,16
120,Neil Coyle,@coyleneil,Labour,Bermondsey and Old Southwark,11675,40
121,Tracy Brabin,@TracyBrabin,Labour,Batley and Spen,11674,10
122,Afzal Khan,@Afzal4Gorton,Labour,Manchester Gorton,11425,4
123,Thangam Debbonaire,@ThangamMP,Labour,Bristol West,11305,11
124,Kate Osamor,@KateOsamor,Labour,Edmonton,11171,13
125,Peter Kyle,@peterkyle,Labour,Hove,10856,27
126,Siobhain McDonagh,@Siobhain_MP,Labour,Mitcham and Morden,10669,5
127,Gavin Shuker,@gavinshuker,Labour,Luton South,10534,3
128,Barry Sheerman,@BarrySheerman,Labour,Huddersfield,10461,8
129,Emma Lewell-Buck,@EmmaLewellBuck,Labour,South Shields,10424,9
130,Karen Buck,@KarenPBuckMP,Labour,Westminster North,10293,8
131,Gareth Thomas,@GarethThomasMP,Labour,Harrow West,10215,7
132,Matthew Pennycook,@mtpennycook,Labour,Greenwich and Woolwich,10069,8
133,Julie Elliott,@JulieElliottMP,Labour,Sunderland Central,9977,13
134,Clive Efford,@CliveEfford,Labour,Eltham,9808,10
135,Conor McGinn,@ConorMcGinn,Labour,St Helens North,9745,2
136,Teresa Pearce,@tpearce003,Labour,Erith and Thamesmead,9718,6
137,Melanie Onn,@OnnMel,Labour,Great Grimsby,9670,8
138,Geraint Davies,@GeraintDaviesMP,Labour,Swansea West,9577,7
139,Nia Griffith,@NiaGriffithMP,Labour,Llanelli,9532,11
140,Liz McInnes,@LizMcInnes2017,Labour,Heywood and Middleton,9509,-1
141,Ellie Reeves,@elliereeves,Labour,Lewisham West and Penge,9267,11
142,Ruth Cadbury,@RuthCadbury,Labour,Brentford and Isleworth,9218,16
143,Helen Hayes,@helenhayes_,Labour,Dulwich and West Norwood,9193,6
144,Jim Fitzpatrick,@FitzMP,Labour,Poplar and Limehouse,8968,12
145,Rhea Wolfson,@rheawolfson,Labour,Livingston,8852,6
146,Ian Lucas,@IanCLucas,Labour,Wrexham,8472,-3
147,Wayne David,@WayneDavid_MP,Labour,Caerphilly,8293,8
148,Ruth Smeeth,@RuthSmeeth,Labour,Stoke-on-Trent North,8273,5
149,Luke Pollard,@LukePollard,Labour,Plymouth Sutton and Devonport,8232,12
150,John Spellar,@spellar,Labour,Warley,8153,4
151,Vicky Foxcroft,@vickyfoxcroft,Labour,Lewisham Deptford,8114,8
152,Lindsay Hoyle,@LindsayHoyle_MP,Labour,Chorley,8058,7
153,Roger Godsiff,@RogerGodsiff,Labour,Birmingham Hall Green,7968,8
154,Imran Hussain,@Imran_HussainMP,Labour,Bradford East,7958,5
155,Rosie Cooper,@rosie4westlancs,Labour,West Lancashire,7813,7
156,Emma Hardy,@emmaannhardy,Labour,Kingston upon Hull West and Hessle,7786,4
157,Graham Jones,@GrahamJones_MP,Labour,Hyndburn,7765,1
158,Ann Coffey,@anncoffey_mp,Labour,Stockport,7666,7
159,Holly Walker-Lynch,@HollyLynch5,Labour,Halifax,7392,7
160,Margaret Greenwood,@MGreenwoodWW,Labour,Wirral West,7302,15
161,Mike Kane,@MikeKaneMP,Labour,Wythenshawe and Sale East,7097,8
162,Justin Madders,@justinmadders,Labour,Ellesmere Port and Neston,6956,8
163,Lyn Brown,@lynbrownmp,Labour,West Ham,6952,21
164,Carolyn Harris,@carolynharris24,Labour,Swansea East,6558,13
165,Judith Cummins,@JudithCummins,Labour,Bradford South,6411,4
166,Yvonne Fovargue,@Y_FovargueMP,Labour,Makerfield,6371,10
167,Joan Ryan,@joanryanEnfield,Labour,Enfield North,6328,9
168,Anneliese Dodds,@AnnelieseDodds,Labour,Oxford East,6229,7
169,Jessica Morden,@jessicamordenmp,Labour,Newport East,6226,7
170,Ann Clwyd,@AnnClwyd,Labour,Cynon Valley,6218,7
171,Kevin McKeever,@kevinmckeever,Labour,Northampton South,6092,4
172,Rob Flello,@RobFlelloMP,Labour,Stoke-on-Trent South,6082,1
173,Chris Matheson,@ChrisM4Chester,Labour,City of Chester,5939,5
174,Karin Smyth,@karinsmyth,Labour,Bristol South,5902,2
175,Christina Rees,@Rees4Neath,Labour,Neath,5811,1
176,Tony Lloyd,@Tony4Rochdale,Labour,Rochdale,5732,4
177,Gordon Marsden,@GordonMarsden,Labour,Blackpool South,5702,-1
178,Peter Dowd,@Peter_Dowd,Labour,Bootle,5702,4
179,Alan Whitehead,@alanwhiteheadmp,Labour,Southampton Test,5645,5
180,Madeleine Moon,@MadeleineMoon,Labour,Bridgend,5582,8
181,Jeff Smith,@JeffSmithetc,Labour,Manchester Withington,5537,12
182,Julian Ware-Lane,@warelane,Labour,Southend West,5487,5
183,Preet Gill,@Preet4Edgbaston,Labour,Birmingham Edgbaston,5333,11
184,Vince Maple,@vincemaple,Labour,Chatham and Aylesford,5323,14
185,Sophie Cook,@sophiecooktalks,Labour,East Worthing and Shoreham,4994,-1
186,Helen Jones,@HelenJonesMP,Labour,Warrington North,4976,2
187,Sue Hayman,@SueHayman1,Labour,Workington,4939,6
188,Nick Thomas-Symonds,@NickTorfaenMP,Labour,Torfaen,4934,-3
189,Tanmanjit Singh Dhesi,@TanDhesi,Labour,Slough,4888,14
190,Gareth Craig Snell,@gareth_snell,Labour,Stoke-on-Trent Central,4886,0
191,Albert Owen,@AlbertOwenMP,Labour,Ynys Môn,4771,1
192,Julie Cooper,@JulieForBurnley,Labour,Burnley,4763,8
193,Alex Sobel,@alexsobel,Labour,Leeds North West,4717,8
194,Jeremy Newmark,@Jeremy_Newmark,Labour,Finchley and Golders Green,4660,14
195,Chris Elmore,@CPJElmore,Labour,Ogmore,4573,7
196,Gerald Jones,@GeraldJonesLAB,Labour,Merthyr Tydfil and Rhymney,4570,3
197,Cara Hilton,@cara_hilton,Labour,Dunfermline and West Fife,4198,-3
198,Mark Sewards,@MarkJSewards,Labour,Harrogate and Knaresborough,4049,2
199,Jo Platt,@CllrJoP,Labour,Leigh,3772,2
200,Mark Tami,@MarkTamiMP,Labour,Alyn and Deeside,3572,6
201,Mike Katz,@mikekatz,Labour,Hendon,3533,11
202,Sarah Jones,@LabourSJ,Labour,Croydon Central,3520,13
203,Olivia Bailey,@livbailey,Labour,Reading West,3474,8
204,Ibrahim Dogus,@ibrahim_Dogus,Labour,Cities of London and Westminster,3474,1
205,David Drew,@DavidEDrew,Labour,Stroud,3413,12
206,Joshua Fenton-Glynn,@JoshFG,Labour,Calder Valley,3301,10
207,Stephanie Peacock,@Steph_Peacock,Labour,Barnsley East,3290,4
208,Mike Amesbury,@MikeAmesbury,Labour,Weaver Vale,3261,7
209,Valerie Vaz,@Valerie_VazMP,Labour,Walsall South,3255,6
210,Philippa Davey,@PhilippaDavey,Labour,South West Devon,3243,13
211,Martin McCluskey,@martinmccluskey,Labour,Inverclyde,3232,1
212,Darren Jones,@darrenpjones,Labour,Bristol North West,3061,3
213,Chris Evans,@EvansForIslwyn,Labour,Islwyn,3030,4
214,Sharon Taylor,@SharonStevenage,Labour,Stevenage,3013,2
215,Derek Twigg,@DerekTwiggMP,Labour,Halton,2958,2
216,Chris Ruane,@ChrisRuane2017,Labour,Vale of Clwyd,2939,4
217,Sara Hyde,@sarakhyde,Labour,Bromley and Chislehurst,2911,16
218,Rosie Duffield,@RosieDuffield1,Labour,Canterbury,2885,12
219,Paul Dadge,@Dadgey,Labour,Cannock Chase,2876,24
220,Gillian Ruth Troughton,@GillTroughton,Labour,Copeland,2814,5
221,Altany Craik,@Altany,Labour,Glenrothes,2748,0
222,Gill Furniss,@GillFurnissMP,Labour,Sheffield Brightside and Hillsborough,2738,4
223,Lloyd Russell-Moyle,@lloyd_rm,Labour,Brighton Kemptown,2736,9
224,Khalid Mahmood,@khalid4PB,Labour,Birmingham Perry Barr,2663,3
225,Dan Greef,@DanGreef,Labour,South Cambridgeshire,2634,14
226,David Crausby,@DavidCrausby,Labour,Bolton North East,2572,4
227,Stephen Burke,@StephenBBurke,Labour,North Norfolk,2542,4
228,Matt Kerr,@Cllr_Matt_Kerr,Labour,Glasgow South West,2436,-1
229,John Cryer,@JohnCryerMP,Labour,Leyton and Wanstead,2414,6
230,Laween Atroshi,@laweenatroshi,Labour,Surrey Heath,2393,5
231,Catherine Atkinson,@catkinson80,Labour,Erewash,2362,5
232,Sandy Martin,@sandyofipswich,Labour,Ipswich,2343,9
233,Rachel Eden,@racheleden,Labour,Wantage,2308,0
234,Mark Hendrick,@MpHendrick,Labour,Preston,2293,0
235,Alan Campbell,@alancampbellmp,Labour,Tynemouth,2277,7
236,Emina Ibrahim,@Emina_ibrahim,Labour,Carshalton and Wallington,2219,3
237,Danny Hackett,@DannyHackett,Labour,Old Bexley and Sidcup,2219,9
238,Hitesh Tailor,@Hitesh_T,Labour,East Surrey,2188,-1
239,Fiona Colley,@FionaColley,Labour,Woking,2182,1
240,Alex Norris,@CllrAlexNorris,Labour,Nottingham North,2181,4
241,Kevin Barron,@KevinBarronMP,Labour,Rother Valley,2165,3
242,Susan Elan Jones,@susanelanjones,Labour,Clwyd South,2115,8
243,Luke Charters-Reid,@lukejcr,Labour,York Outer,2082,4
244,Alan Clark,@CllrAlanClark,Labour,East Yorkshire,2063,1
245,Navin Shah,@NavinShah2016,Labour,Harrow East,2024,5
246,Malcolm Fincken,@MalcolmFincken,Labour,Braintree,2011,-1
247,Caroline Fife,@LabourASD,Labour,Arundel and South Downs,1968,0
248,Barry Kirby,@Baz_k,Labour,Gloucester,1950,-5
249,Tim Young,@Tim4Labour,Labour,Colchester,1921,7
250,Joy Squires,@JoySquires,Labour,Worcester,1909,5
251,Andy Newman,@AndyD_Newman,Labour,Chippenham,1890,3
252,Sophie Johnson,@bigeyedear,Labour,South Northamptonshire,1881,2
253,Rebecca Blake,@RebeccaBlake31,Labour,Redditch,1856,1
254,Mhairi Threlfall,@mthrel,Labour,Kingswood,1853,-1
255,Anna McMorrin,@annamcmorrin,Labour,Cardiff North,1838,7
256,Lesley Brennan,@LesleyBzz,Labour,Dundee East,1835,1
257,Laura Pidcock,@PidcockNWDurham,Labour,North West Durham,1779,1
258,Bambos Charalambous,@Bambos4MP,Labour,Enfield Southgate,1776,5
259,Terence Smith,@TerenceSmith14,Labour,Brigg and Goole,1755,4
260,Marsha de Cordova,@Marshadecordova,Labour,Battersea,1746,14
261,James Dawson,@CllrJamesDawson,Labour,Amber Valley,1733,4
262,Michael Thompson,@mthompson_dr,Labour,Bromsgrove,1733,6
263,Liam Preston,@lbpreston,Labour,Epping Forest,1720,-2
264,Stephen Hepburn,@jarrowstevemp,Labour,Jarrow,1712,2
265,Stephen Powers,@steasap,Labour,Hexham,1712,0
266,Pam Duncan-Glancy,@PamDuncanUK,Labour,Glasgow North,1705,19
267,Beth Miller,@BethMiller91,Labour,Corby,1692,5
268,Darren Paffey,@darrenpaffey,Labour,Romsey and Southampton North,1687,5
269,Adrian Bailey,@AdrianBailey4MP,Labour,West Bromwich West,1680,1
270,Charlynne Pullen,@CharlynnePullen,Labour,Milton Keynes North,1670,-2
271,Karen Lee,@KForCullercoats,Labour,Lincoln,1650,5
272,Sam Rushworth,@SamJRushworth,Labour,Tatton,1642,2
273,Sally Keeble,@Sally_Keeble,Labour,Northampton North,1636,-2
274,Joanne Rust,@JoRust45,Labour,North West Norfolk,1632,6
275,Angela Feeney,@angela_feeney,Labour,Motherwell and Wishaw,1622,4
276,Paul Sweeney,@PaulJSweeney,Labour,Glasgow North East,1606,2
277,Mandy Telford,@Mandytelford,Labour,Edinburgh West,1583,2
278,Chris Webb,@Chris4BNC,Labour,Blackpool North and Cleveleys,1544,0
279,Pete Lowe,@pete4stour,Labour,Stourbridge,1543,1
280,Michael Shanks,@mgshanks,Labour,Glasgow North West,1535,3
281,Wayne Blackburn,@cllrwblackburn,Labour,Pendle,1524,1
282,Tom McNeil,@mcneil_tom,Labour,Meriden,1506,6
283,David Mellen,@CllrDavidMellen,Labour,Rushcliffe,1505,2
284,Paul Kenny,@paul_r_kenny,Labour,Boston and Skegness,1502,2
285,Rohit Dasgupta,@rkdasgupta,Labour,East Hampshire,1488,11
286,Sean Kelly-Walsh,@seankellywalsh,Labour,Charnwood,1479,4
287,Bally Singh,@BallySingh74,Labour,Kenilworth and Southam,1471,3
288,Joe Rayment,@joerayment91,Labour,Bath,1444,4
289,Natasha Millward,@natashamillward,Labour,Dudley South,1432,0
290,Gareth Thomas,@gareththomaslab,Labour,Clwyd West,1413,0
291,Martin Miller,@cheadlelabour,Labour,Cheadle,1398,3
292,Jennifer Brathwaite,@JenniferBrathwa,Labour,Croydon South,1391,5
293,Katherine Dunne,@katherinedunne,Labour,Twickenham,1381,5
294,Bilal Mahmood,@bilal_labour,Labour,Chingford and Woodford Green,1363,3
295,Chris Worsey,@ChrisWorsey,Labour,Lichfield,1337,6
296,John Grogan,@KeighleyLabour,Labour,Keighley,1335,3
297,Sean Woodcock,@SEANLWOODCOCK,Labour,Banbury,1320,3
298,Gerard Killen,@Gedk,Labour,Rutherglen and Hamilton West,1298,3
299,Peter Smith,@Socialistsmithy,Labour,South West Norfolk,1291,0
300,Mark Dempsey,@dempsey4labour,Labour,North Swindon,1273,0
301,Lola McEvoy,@Lola__McEvoy,Labour,Penrith and The Border,1260,1
302,Chris Clark,@chrisclarkcpfc,Labour,Sevenoaks,1211,2
303,Katherine Chibah,@ChibahKatherine,Labour,Hertford and Stortford,1203,3
304,Rebecca Lury,@rebeccalury,Labour,Ruislip Northwood and Pinner,1201,6
305,Stefano Borella,@StefBorella,Labour,Bexleyheath and Crayford,1192,1
306,Iain Simpson,@IainSimpson,Labour,Broadland,1183,-1
307,Andy Stamp,@CllrAndyStamp,Labour,Gillingham and Rainham,1181,5
308,Emily Owen,@Emily4Aberconwy,Labour,Aberconwy,1173,4
309,Matt Rodda,@MattRodda,Labour,Reading East,1162,6
310,Solomon Curtis,@Solomon_Curtis,Labour,Brighton Pavilion,1158,8
311,Nick Smith,@NickSmith4BG,Labour,Blaenau Gwent,1145,0
312,Andrew Western,@AndrewHWestern,Labour,Altrincham and Sale West,1137,1
313,Nik Johnson,@CambridgeMagpie,Labour,Huntingdon,1133,3
314,Tonia Antoniazzi,@ToniaAntoniazzi,Labour,Gower,1129,3
315,Peter Edwards,@EdwardsEconomy,Labour,Maldon,1122,-2
316,Gary Puffett,@Gary_Puffett,Labour,Aldershot,1109,0
317,Liz Savage,@LizSavagelabour,Labour,Southport,1064,-1
318,Laura Pictor,@Laura_Pictor,Labour,South West Wiltshire,1058,-1
319,Rocky Gill,@CllrRockyGill,Labour,Hornchurch and Upminster,1055,4
320,Jake Lambert,@JakeyLambert,Labour,Eastbourne,1029,4
321,Rob Pocock,@RobPocock1,Labour,Sutton Coldfield,1011,2
322,Kerry Pollard,@KerryPollard_,Labour,St Albans,1002,-2
323,Emma Dent Coad,@emmadentcoad,Labour,Kensington,985,3
324,Rafiq Raja,@WycombeLabour,Labour,Wycombe,971,0
325,Kate Watson,@Katewatson67,Labour,Glasgow East,958,4
326,Chris Kealey,@_ChrisKealey,Labour,Bosworth,953,0
327,Callum O'Dwyer,@callumjodwyer,Labour,Aberdeen South,944,0
328,Anawar Miah,@WHLabour,Labour,Welwyn Hatfield,943,-2
329,Chris Rimicans,@crimicans98,Labour,North Ayrshire and Arran,932,2
330,Caroline Kolek,@CarolineKolek,Labour,Tiverton and Honiton,931,1
331,Tracy Harvey,@tracy_harvey,Labour,Middlesbrough South and East Cleveland,929,4
332,Hollie Devanney,@holliedevanney,Labour,Haltemprice and Howden,925,3
333,Danielle Glavin,@DanielleGlavin,Labour,South Norfolk,914,4
334,Dan Lodge,@DanLodge,Labour,Brecon and Radnorshire,882,5
335,Nav Mishra,@HazelGrove_Lab,Labour,Hazel Grove,867,-1
336,Marc Tierney,@MarcTierney2017,Labour,Carmarthen West and South Pembrokeshire,859,1
337,Ashley Dalton,@PieDalton,Labour,Rochford and Southend East,858,12
338,Tim Lunnon,@tim4crawley,Labour,Crawley,856,2
339,Ronnie Campbell,@BVLabour,Labour,Blyth Valley,851,3
340,Patrick Canavan,@Patsindorset,Labour,Christchurch,845,3
341,Faisal Rashid,@FaisalRashid6,Labour,Warrington South,842,1
342,Neil Dawson,@MorleyNeil,Labour,Morley and Outwood,829,1
343,Scott Dickinson,@ScottDickinson0,Labour,Berwick-upon-Tweed,813,0
344,Mary Griffiths Clarke,@marygwengriff,Labour,Arfon,779,1
345,Marina Ahmad,@LabourMarina,Labour,Beckenham,771,7
346,Alan Durrant,@alanejdurrant,Labour,Gosport,754,0
347,Emma Whysall,@EmmaWhysall,Labour,Chipping Barnet,740,2
348,Nairn McDonald,@NairnMcD,Labour,Central Ayrshire,724,4
349,Robert Pearson,@RobPearson_1,Labour,South Derbyshire,716,5
350,Laetisia Catherine Carter,@laetisiacarter,Labour,Witney,703,7
351,Anna Coda,@HerefordLabour,Labour,Hereford and South Herefordshire,699,0
352,Eli Aldridge,@EliAldridge,Labour,Westmorland and Lonsdale,692,9
353,Susannah Brady,@smboffload,Labour,Horsham,688,3
354,Fiona Smith,@Fiona4Hertsmere,Labour,Hertsmere,686,0
355,Sarah Church,@Sarah_C_Church,Labour,South Swindon,681,3
356,Jewel Miah,@jewelmiah,Labour,Loughborough,675,2
357,Fiona Onasanya,@fiflowertot,Labour,Peterborough,670,4
358,Jed Sullivan,@sullivan_jed,Labour,Fylde,668,-1
359,Ruth Jones,@ruthjoneswales,Labour,Monmouth,656,3
360,Allen Simpson,@allen_m_simpson,Labour,Maidstone and The Weald,635,2
361,Barry Black,@BarryBlackNE,Labour,West Aberdeenshire and Kincardine,626,1
362,Marie Tidball,@MarieTidball,Labour,Oxford West and Abingdon,607,2
363,Craig Martin,@Craig_R_Martin,Labour,Falkirk,602,0
364,Andrew Hilland,@Andrew_Hilland,Labour,Lanark and Hamilton East,598,5
365,John Fisher,@JohnFisher_1,Labour,Aldridge-Brownhills,597,2
366,Sue Dann,@sue_dann,Labour,Plymouth Moor View,595,16
367,Greg Marshall,@Greg4Broxtowe,Labour,Broxtowe,590,5
368,Matt Western,@MattWestern_,Labour,Warwick and Leamington,587,8
369,Stephen Morgan,@sjmorganuk,Labour,Portsmouth South,583,10
370,Wes Hinckes,@weshinckes,Labour,Bridgwater and West Somerset,582,4
371,Mandy Garford,@MandyJGrace,Labour,Gravesham,573,2
372,Simon Letts,@SotonCityBoss,Labour,Southampton Itchen,568,3
373,James Frith,@BuryNorthLabour,Labour,Bury North,560,7
374,Andy Croy,@AndyCroy,Labour,Wokingham,553,3
375,Sam Hale,@samhale123,Labour,Stone,550,1
376,Alan De'Ath,@AlanDeAth1,Labour,Chelsea and Fulham,545,0
377,Ian Joseph McCargo,@McCargo,Labour,Pudsey,543,2
378,Alyson Barnes,@alysonbarnes17,Labour,Rossendale and Darwen,536,1
379,Greg Mountain,@Mountainin2015,Labour,Mid Sussex,534,3
380,Samantha Kay Charles,@VoteSamanthaCh,Labour,West Worcestershire,534,6
381,Thelma Walker,@Red_thelma,Labour,Colne Valley,534,4
382,Tom Corbin,@1tomcorbin,Labour,Salisbury,529,2
383,Peter Keith,@MrPeterKeith,Labour,Cleethorpes,529,5
384,Mike Hill,@hill_mrh,Labour,Hartlepool,525,4
385,Helen McFarlane,@AirdrieShottsLP,Labour,Airdrie and Shotts,514,0
386,Mike Robb,@mgrobb,Labour,Inverness Nairn Badenoch and Strathspey,511,-1
387,Imran Uddin,@ImranUddin2003,Labour,Wimbledon,510,6
388,Mick Scrimshaw,@MickScrimshaw,Labour,Kettering,506,-3
389,Olivia Bell,@Invernessbelle,Labour,Caithness Sutherland and Easter Ross,498,1
390,Fiona Dent,@FionaDentLabour,Labour,Runnymede and Weybridge,498,2
391,Gareth Barrett,@GarethPBarrett,Labour,Brentwood and Ongar,493,3
392,Lesley Laird,@LesleyLaird,Labour,Kirkcaldy and Cowdenbeath,488,1
393,Rosalind Scott,@JRosalindScott,Labour,Harwich and North Essex,483,6
394,Andy Botham,@Roobotham,Labour,Derbyshire Dales,478,2
395,Carol Mochan,@CMochan,Labour,Ayr Carrick and Cumnock,474,2
396,Mark Farwell,@ChiLabour_15,Labour,Chichester,472,1
397,Joanne Ross,@Yellowsiskin,Labour,Ochil and South Perthshire,461,-3
398,Vincent Lo,@VincentLoUK,Labour,Uxbridge and South Ruislip,456,5
399,Neeraj Patil,@neerajpatil,Labour,Putney,454,7
400,Laura Smith,@CreweLabour,Labour,Crewe and Nantwich,452,1
401,Chris Jones,@Chris4NorwichN,Labour,Norwich North,448,9
402,Martin Whitfield,@MartWhitfield,Labour,East Lothian,441,1
403,Graeme Currie,@graeme_currie1,Labour,North Shropshire,439,6
404,Claire Edwards,@claire4rugby,Labour,Rugby,434,3
405,Dinah Mulholland,@CeredigionLab,Labour,Ceredigion,432,-2
406,Joseph Patrick Cooke,@JoeCookeLabour,Labour,Castle Point,431,4
407,John Kent,@John4Thurrock17,Labour,Thurrock,420,5
408,Neil Puttick,@Puttick4Macc,Labour,Macclesfield,412,1
409,Emma Bishton,@emmabishton,Labour,South Suffolk,407,5
410,David Darkin,@TurkRocker,Labour,Carmarthen East and Dinefwr,394,2
411,Frances Rehal,@rehalfrances,Labour,North Thanet,392,4
412,Alan Butcher,@atbutcher,Labour,Bognor Regis and Littlehampton,391,1
413,Hugh Gaffney,@hgaffney48,Labour,Coatbridge Chryston and Bellshill,379,2
414,Jim Cunningham,@jimforcovsouth,Labour,Coventry South,370,1
415,Gareth Derrick,@Gareth4Cornwall,Labour,South East Cornwall,370,3
416,Michael Rolfe,@MicalmusRolfe,Labour,Sittingbourne and Sheppey,367,-3
417,Dave Jones,@DaveMazzJones,Labour,Staffordshire Moorlands,367,4
418,Cameron Matthews,@C4meronM4tthews,Labour,Suffolk Coastal,363,0
419,Doug Swanney,@dougmswanney,Labour,North East Hertfordshire,342,2
420,Ken Rustidge,@KRustidge,Labour,North East Cambridgeshire,332,2
421,Gordon Munro,@GJMunro26,Labour,Edinburgh North and Leith,331,2
422,Andy Fitchet,@AndyFitchet,Labour,North West Hampshire,306,3
423,Kirsten Muat,@kirstenRoseMuat,Labour,Gordon,304,1
424,Eleanor Smith,@eleanor74386209,Labour,Wolverhampton South West,299,0
425,Alison Dowling,@AlisonJDowling,Labour,Paisley and Renfrewshire South,298,3
426,Manjinder Singh Kang,@Kang4Labour,Labour,Tewkesbury,297,1
427,Matthew Lamb,@Matt4wyreforest,Labour,Wyre Forest,288,1
428,Julian Vaughan,@juliman66,Labour,North East Bedfordshire,287,5
429,Tim Taylor,@TimTaylorWeston,Labour,Weston-super-Mare,287,0
430,Chris Kane,@chriswkane,Labour,Stirling,287,1
431,David Hinder,@david4rv,Labour,Ribble Valley,285,4
432,Jane Berney,@SWLabour,Labour,Saffron Walden,285,2
433,Raushan Ara,@Raushan4Labour,Labour,South Thanet,271,4
434,David Stokes,@dave4bmthwest,Labour,Bournemouth West,265,0
435,Camilla Beaven,@CamillaBeaven,Labour,Vale of Glamorgan,250,7
436,Barrie Fairbairn,@barriefairbairn,Labour,Grantham and Stamford,242,2
437,John Hayes,@jh66111,Labour,Hitchin and Harpenden,241,8
438,Imtiyaz Shaikh,@devizeslabour,Labour,Devizes,236,1
439,Lana Hylands,@LanaHylands,Labour,Esher and Walton,230,9
440,Toby Brampton,@TobyBrampton,Labour,Reigate,226,4
441,Martin Jevon,@Martin4labour,Labour,Taunton Deane,222,3
442,Andy Merryfield,@wellsmp,Labour,Wells,204,-1
443,Laurie South,@Elsiethered,Labour,Kingston and Surbiton,202,4
444,Ealasaid MacDonald,@Ealasaid_MacD,Labour,Na h-Eileanan an Iar,198,4
445,Michael Jefferys,@Cllr_M_Jefferys,Labour,West Suffolk,192,2
446,Philippa Thompson,@Philippa4Pembs,Labour,Preseli Pembrokeshire,189,1
447,Jayne Kirkham,@JayneKirkham4,Labour,Truro and Falmouth,188,2
448,Alex Skirvin,@AlexSkirvinLAB,Labour,Newbury,185,2
449,Heather Peto,@heatherisone,Labour,Rutland and Melton,184,1
450,Johanna Boal,@JohannaBoal,Labour,Beverley and Holderness,184,3
451,Naomi Rylatt,@nrylatt4fabs,Labour,Filton and Bradley Stoke,181,0
452,Rebecca Cooper,@BeccyCooper4Lab,Labour,Worthing West,178,3
453,Rhiannon Meades,@Meades4MidBeds,Labour,Mid Bedfordshire,174,5
454,Tasha Osben,@Tasha4Clacton,Labour,Clacton,173,1
455,Laura Dover,@Laura4KandL,Labour,Kilmarnock and Loudoun,172,1
456,John McKiernan,@jamckier,Labour,Burton,166,6
457,Steve Clapcote,@ClapcoteS,Labour,Shipley,163,13
458,Catherine Tite,@derbyshire_cath,Labour,Gainsborough,159,0
459,James English,@_jamesenglish,Labour,Beaconsfield,153,3
460,Mark Cann,@markcann,Labour,North Devon,152,2
461,Elizabeth Hughes,@ElizabethCSNI,Labour,Central Suffolk and North Ipswich,149,2
462,James William Osben,@james_labour,Labour,Newton Abbot,146,3
463,Alan Philip Avery,@AveryforLabour,Labour,Thirsk and Malton,141,1
464,Dylan Jones,@DylanAlexJones,Labour,Tonbridge and Malling,133,2
465,Ruth Alcroft,@ruthalcroft,Labour,Carlisle,131,10
466,Rumal Khan,@RumalKhan,Labour,Portsmouth North,129,2
467,Christine Bayliss,@Bayliss4BB,Labour,Bexhill and Battle,127,6
468,Mathew Norman,@norman_mathew,Labour,Dwyfor Meirionnydd,120,0
469,Patsy King,@PatsyKingEdEast,Labour,Edinburgh East,117,1
470,Callum McNally,@Callum4EastDun,Labour,East Dunbartonshire,115,3
471,Alison Martin,@AlisonRMartin,Labour,Mid Derbyshire,114,1
472,Michael Desmond,@dezairedale,Labour,Faversham and Mid Kent,112,1
473,Laura Davison,@laurafd,Labour,Folkestone and Hythe,112,2
474,Mark Daniels,@Marky_Daniels,Labour,Rayleigh and Wickford,111,1
475,Jean Anne Mitchell,@jeananneforWD,Labour,West Dunbartonshire,106,8
476,Sally Gathern,@sanng7,Labour,Ashford,100,3
477,Mark Chaloner,@LabourChaloner,Labour,Winchester,94,1
478,Vince Barry,@VoteVinceBarry,Labour,Torridge and West Devon,93,1
479,Shabbir Aslam,@Shabbir4Labour,Labour,South Leicestershire,92,4
480,Nigel de Gruchy,@NigeldeGruchy,Labour,Orpington,89,0
481,Iwan Wyn Jones,@Iwan_Wyn_Llafur,Labour,Montgomeryshire,84,1
482,Philip Johnson,@PhilipJ68243370,Labour,Nuneaton,84,1
483,Faten Hameed,@FatenH4Labour,Labour,Glasgow Central,77,3
484,Peter Shearman,@PeterLShearman,Labour,Windsor,74,0
485,Orr Vinegold,@OrrVinegoldLab,Labour,Aberdeen North,73,0
486,William Edwards,@billburysted,Labour,Bury St Edmunds,63,1
487,Robina Barton,@robina4labour17,Labour,Orkney and Shetland,61,2
488,Sam Corcoran,@Sam4Congleton,Labour,Congleton,56,4
489,Rosalind Garton,@rosalindgarton,Labour,North East Fife,55,1
490,Ian Davidson,@LabourIan,Labour,Berwickshire Roxburgh and Selkirk,55,0
491,Alison Taylor,@VoteAlison2017,Labour,Paisley and Renfrewshire North,54,-1
492,Sean Dromgoole,@sean_labour,Labour,Somerton and Frome,47,3
493,Monique McAdams,@monique2017GE,Labour,East Kilbride Strathaven and Lesmahagow,47,1
494,Jillian Payne,@jill4eastleigh,Labour,Eastleigh,45,2
495,Alan Cowan,@CowanDundeeWest,Labour,Dundee West,44,1
496,William Campbell,@Campbell4Angus,Labour,Angus,39,1
497,Elisha Fisher,@Vote_Fisher,Labour,Cumbernauld Kilsyth and Kirkintilloch East,35,1
498,Laura Davies,@LauraShrewsbury,Labour,Shrewsbury and Atcham,34,1
499,Keith White,@CheltKeithLab,Labour,Cheltenham,33,0
500,Kayte Block,@CllrBlock,Labour,Basildon and Billericay,31,2
501,Joan Margaret Coombes,@joancoombes,Labour,Linlithgow and East Falkirk,31,1
502,Marc Patrick Green,@MVLabourParty,Labour,Mole Valley,23,1
503,Theresa May,@theresa_may,Conservative,Maidenhead,332323,6478
504,Boris Johnson,@BorisJohnson,Conservative,Uxbridge and South Ruislip,317330,1094
505,Jeremy Hunt,@Jeremy_Hunt,Conservative,South West Surrey,97201,23
506,Grant Shapps,@grantshapps,Conservative,Welwyn Hatfield,86332,1
507,Philip Hammond,@PhilipHammondUK,Conservative,Runnymede and Weybridge,66579,75
508,Zac Goldsmith,@ZacGoldsmith,Conservative,Richmond Park,64646,83
509,Justine Greening,@JustineGreening,Conservative,Putney,57849,24
510,Andrea Leadsom,@andrealeadsom,Conservative,South Northamptonshire,56905,28
511,Nicky Morgan,@NickyMorgan01,Conservative,Loughborough,44700,-2
512,Sajid Javid,@sajidjavid,Conservative,Bromsgrove,41083,27
513,John Penrose,@JohnPenroseNews,Conservative,Weston-super-Mare,38566,-2
514,Anna Soubry,@Anna_Soubry,Conservative,Broxtowe,38520,11
515,Amber Rudd,@AmberRuddHR,Conservative,Hastings and Rye,37821,299
516,Liam Fox,@LiamFox,Conservative,North Somerset,36548,62
517,Ed Vaizey,@edvaizey,Conservative,Wantage,36548,-12
518,Sarah Wollaston,@sarahwollaston,Conservative,Totnes,34760,-21
519,Elizabeth Truss,@trussliz,Conservative,South West Norfolk,33699,23
520,Tobias Ellwood,@Tobias_Ellwood,Conservative,Bournemouth East,33519,5
521,Nadine Dorries,@NadineDorries,Conservative,Mid Bedfordshire,32200,12
522,Matthew Hancock,@MhancockUK,Conservative,West Suffolk,29735,2
523,Rory Stewart,@RoryStewartUK,Conservative,Penrith and The Border,28747,1
524,Michael Gove,@michaelgove,Conservative,Surrey Heath,27008,163
525,Nicholas Soames,@NSoames,Conservative,Mid Sussex,26451,1
526,Michael Fabricant,@Mike_Fabricant,Conservative,Lichfield,25127,6
527,Robert Halfon,@Halfon4Harlow,Conservative,Harlow,24057,6
528,Brandon Lewis,@BrandonLewis,Conservative,Great Yarmouth,22413,10
529,Nadhim Zahawi,@nadhimzahawi,Conservative,Stratford-on-Avon,21258,6
530,Stephen Crabb,@SCrabbPembs,Conservative,Preseli Pembrokeshire,21248,6
531,Greg Clark,@GClarkUK,Conservative,Tunbridge Wells,20923,7
532,Stewart Jackson,@Stewart4Pboro,Conservative,Peterborough,20450,13
533,Jesse Norman,@Jesse_Norman,Conservative,Hereford and South Herefordshire,19799,5
534,Tracey Crouch,@tracey_crouch,Conservative,Chatham and Aylesford,19702,5
535,John Redwood,@johnredwood,Conservative,Wokingham,19666,10
536,James Cleverly,@JamesCleverly,Conservative,Braintree,18726,19
537,Jo Johnson,@JoJohnsonUK,Conservative,Orpington,18283,9
538,Greg Hands,@GregHands,Conservative,Chelsea and Fulham,18229,10
539,Gavin Barwell,@BackBarwell,Conservative,Croydon Central,18029,14
540,Steven Baker,@SteveBakerHW,Conservative,Wycombe,17749,17
541,Andrew Stephenson,@Andrew4Pendle,Conservative,Pendle,17246,2
542,George Freeman,@Freeman_George,Conservative,Mid Norfolk,17025,2
543,Philip Davies,@PhilipDaviesUK,Conservative,Shipley,16906,-1
544,Nick Hurd,@NickHurdUK,Conservative,Ruislip Northwood and Pinner,16822,7
545,Paul Maynard,@PaulMaynardUK,Conservative,Blackpool North and Cleveleys,16699,2
546,Hugo Swire,@HugoSwire,Conservative,East Devon,16380,-2
547,Sam Gyimah,@SamGyimah,Conservative,East Surrey,16010,11
548,Ben Gummer,@ben4ipswich,Conservative,Ipswich,15936,8
549,Matt Warman,@mattwarman,Conservative,Boston and Skegness,15715,-3
550,Jason McCartney,@JasonMcCartney,Conservative,Colne Valley,15704,2
551,James Brokenshire,@JBrokenshire,Conservative,Old Bexley and Sidcup,15549,13
552,Harriett Mary Morison Baldwin,@hbaldwin,Conservative,West Worcestershire,15329,10
553,Tim Loughton,@timloughton,Conservative,East Worthing and Shoreham,15278,2
554,David Lidington,@DLidington,Conservative,Aylesbury,15043,-6
555,Bernard Jenkin,@bernardjenkin,Conservative,Harwich and North Essex,14762,5
556,Nicola Blackwood,@nicolablackwood,Conservative,Oxford West and Abingdon,14582,9
557,Nick de Bois,@nickdebois,Conservative,Enfield North,14387,5
558,Therese Coffey,@theresecoffey,Conservative,Suffolk Coastal,14309,5
559,Chris White,@Chris_WhiteUK,Conservative,Warwick and Leamington,14307,7
560,Helen Grant,@HelenGrantMP,Conservative,Maidstone and The Weald,14239,3
561,Nick Herbert,@nickherbertmp,Conservative,Arundel and South Downs,14141,3
562,Margot James,@margot4stour,Conservative,Stourbridge,13989,3
563,Alan Duncan,@AlanDuncanMP,Conservative,Rutland and Melton,13961,29
564,Robert Buckland,@RobertBuckland,Conservative,South Swindon,13749,10
565,John Glen,@JohnGlenUK,Conservative,Salisbury,13652,11
566,Justin Tomlinson,@JustinTomlinson,Conservative,North Swindon,13431,3
567,Chloe Smith,@NorwichChloe,Conservative,Norwich North,13360,9
568,Chris Heaton-Harris,@chhcalling,Conservative,Daventry,13157,0
569,Richard Benyon,@RichardBenyonMP,Conservative,Newbury,13114,6
570,Kevin Horkin,@KevinHorkin,Conservative,Hyndburn,12826,-3
571,Alistair Burt,@AlistairBurtUK,Conservative,North East Bedfordshire,12570,4
572,Heidi Allen,@heidiallen75,Conservative,South Cambridgeshire,12520,1
573,Damian Collins,@DamianCollins,Conservative,Folkestone and Hythe,12408,-2
574,Jake Berry,@JakeBerry,Conservative,Rossendale and Darwen,12233,2
575,Stuart Andrew,@StuartAndrew,Conservative,Pudsey,12153,-1
576,Ben Howlett,@ben4bath,Conservative,Bath,12100,8
577,Andrew Griffiths,@AndrewGriffiths,Conservative,Burton,12071,14
578,Geoffrey Cox,@Geoffrey_Cox,Conservative,Torridge and West Devon,12061,6
579,James Duddridge,@JamesDuddridge,Conservative,Rochford and Southend East,11908,4
580,Charlotte Leslie,@CharlotteLeslie,Conservative,Bristol North West,11821,-2
581,Andrew Bridgen,@ABridgen,Conservative,North West Leicestershire,11707,10
582,Conor Burns,@ConorBurnsUK,Conservative,Bournemouth West,11679,4
583,Nicholas Boles,@NickBoles,Conservative,Grantham and Stamford,11635,0
584,Peter William Bone,@PeterBoneUK,Conservative,Wellingborough,11579,5
585,Christopher Pincher,@ChrisPincher,Conservative,Tamworth,11546,9
586,Rob Wilson,@RobWilson_RDG,Conservative,Reading East,11453,2
587,Mary Macleod,@MaryMacleodUK,Conservative,Brentford and Isleworth,11381,7
588,Charlie Elphicke,@CharlieElphicke,Conservative,Dover,10968,-1
589,Andrew Selous,@AndrewSelous,Conservative,South West Bedfordshire,10935,4
590,David Warburton,@DJWarburton,Conservative,Somerton and Frome,10868,-2
591,Caroline Dinenage,@cj_dinenage,Conservative,Gosport,10787,-2
592,David Mundell,@DavidMundellDCT,Conservative,Dumfriesshire Clydesdale and Tweeddale,10759,6
593,Pauline Latham,@Pauline_Latham,Conservative,Mid Derbyshire,10634,6
594,Sheryll Murray,@sheryllmurray,Conservative,South East Cornwall,10576,33
595,Natasha Asghar,@natasghar,Conservative,Newport East,10466,0
596,Heather Wheeler,@HeatherWheeler,Conservative,South Derbyshire,10442,9
597,Iain Stewart,@iainastewart,Conservative,Milton Keynes South,10367,-4
598,Anne Milton,@AnneMilton,Conservative,Guildford,10340,7
599,Alec Shelbrooke,@AlecShelbrooke,Conservative,Elmet and Rothwell,10302,8
600,James Gray,@JGray,Conservative,North Wiltshire,10123,14
601,Graham Stuart,@grahamstuart,Conservative,Beverley and Holderness,10026,4
602,David Burrowes,@DavidBurrowesUK,Conservative,Enfield Southgate,9933,5
603,Jonathan Djanogly,@JDjanogly,Conservative,Huntingdon,9842,-5
604,Mark Spencer,@Mark_Spencer,Conservative,Sherwood,9823,5
605,Alun Cairns,@AlunCairns,Conservative,Vale of Glamorgan,9803,7
606,Damian Green,@DamianGreen,Conservative,Ashford,9792,0
607,Jane Ellison,@JaneEllison,Conservative,Battersea,9726,7
608,Karl McCartney,@karlmccartney,Conservative,Lincoln,9708,0
609,Oliver Colvile,@olivercolvile,Conservative,Plymouth Sutton and Devonport,9543,12
610,Richard Harrington,@Richard4Watford,Conservative,Watford,9528,3
611,Cheryl Gillan,@CherylGillan,Conservative,Chesham and Amersham,9486,3
612,Phillip Lee,@DrPhillipLeeMP,Conservative,Bracknell,9415,14
613,Andrew Jones,@AJonesMP,Conservative,Harrogate and Knaresborough,9385,5
614,David Evennett,@DavidEvennett,Conservative,Bexleyheath and Crayford,9357,2
615,Mark Robert Timothy Garnier,@Mark4WyreForest,Conservative,Wyre Forest,9333,10
616,Adam Afriyie,@AdamAfriyie,Conservative,Windsor,9282,3
617,Daniel Hamilton,@danielrhamilton,Conservative,Stockport,9228,1
618,Guy Opperman,@GuyOpperman,Conservative,Hexham,9179,4
619,Bob Blackman,@BobBlackman,Conservative,Harrow East,9021,6
620,Andrew Bingham,@HighPeakAndrew,Conservative,High Peak,8687,6
621,Damian Hinds,@DamianHinds,Conservative,East Hampshire,8591,7
622,David Davies,@DavidTCDavies,Conservative,Monmouth,8582,1
623,Graham Evans,@GrahamEvans,Conservative,Weaver Vale,8416,5
624,Robin Walker,@WalkerWorcester,Conservative,Worcester,8262,2
625,Chris Skidmore,@CSkidmoreUK,Conservative,Kingswood,8016,4
626,Mark Field,@MarkFieldUK,Conservative,Cities of London and Westminster,7988,7
627,Julian Smith,@JulianSmithUK,Conservative,Skipton and Ripon,7942,3
628,Owen Paterson,@OwenPaterson,Conservative,North Shropshire,7865,-1
629,Neil Carmichael,@stroud_neil,Conservative,Stroud,7742,-1
630,Andrea Jenkyns,@andreajenkyns,Conservative,Morley and Outwood,7738,2
631,Nick Gibb,@NickGibbUK,Conservative,Bognor Regis and Littlehampton,7694,2
632,David Morris,@davidmorrisml,Conservative,Morecambe and Lunesdale,7682,-1
633,Henry Smith,@HenrySmithUK,Conservative,Crawley,7679,3
634,David Rutley,@DavidRutley,Conservative,Macclesfield,7665,5
635,Thomas Tugendhat,@TomTugendhat,Conservative,Tonbridge and Malling,7630,-2
636,Caroline Nokes,@carolinenokes,Conservative,Romsey and Southampton North,7601,2
637,Andrew Rosindell,@AndrewRosindell,Conservative,Romford,7583,3
638,Rehman Chishti,@Rehman_Chishti,Conservative,Gillingham and Rainham,7572,8
639,Vicky Ford,@vickyford,Conservative,Chelmsford,7549,6
640,Jeremy Lefroy,@JeremyLefroy,Conservative,Stafford,7415,0
641,Mark Harper,@Mark_J_Harper,Conservative,Forest of Dean,7269,4
642,Maria Caulfield,@mariacaulfield,Conservative,Lewes,7252,10
643,David Nuttall,@DNuttall,Conservative,Bury North,7235,2
644,Steve Brine,@sbrine,Conservative,Winchester,7163,2
645,Gavin Williamson,@GavinWilliamson,Conservative,South Staffordshire,7109,1
646,Michelle Donelan,@michelledonelan,Conservative,Chippenham,6976,8
647,David Gauke,@DavidGauke,Conservative,South West Hertfordshire,6954,3
648,Ian Duncan,@IanDuncanMEP,Conservative,Perth and North Perthshire,6915,1
649,Peter Aldous,@peter_aldous,Conservative,Waveney,6910,3
650,Mark Pritchard,@MPritchardUK,Conservative,The Wrekin,6799,9
651,Tania Mathias,@tania_mathias,Conservative,Twickenham,6740,2
652,Owen Meredith,@owenlmeredith,Conservative,Newcastle-under-Lyme,6725,2
653,John Whittingdale,@JWhittingdale,Conservative,Maldon,6667,-4
654,Lucy Allan,@lucyallan,Conservative,Telford,6631,6
655,Alok Sharma,@AlokSharma_RDG,Conservative,Reading West,6615,3
656,Will Quince,@willquince,Conservative,Colchester,6501,6
657,Glyn Davies,@GlynDavies,Conservative,Montgomeryshire,6394,-1
658,David Mowat,@mowat4ws,Conservative,Warrington South,6362,-1
659,Mark Lancaster,@MarkLancasterMK,Conservative,Milton Keynes North,6329,-4
660,Stephen Hammond,@S_Hammond,Conservative,Wimbledon,6300,4
661,Andrew Murrison,@AWMurrison,Conservative,South West Wiltshire,6164,1
662,Michael Ellis,@Michael_Ellis1,Conservative,Northampton North,6129,3
663,Kevin Paul Hollinrake,@kevinhollinrake,Conservative,Thirsk and Malton,6082,4
664,Kelly Tolhurst,@KellyTolhurst,Conservative,Rochester and Strood,6049,1
665,Richard Graham,@RichardGrahamUK,Conservative,Gloucester,5987,3
666,John Stevenson,@John4Carlisle,Conservative,Carlisle,5970,7
667,Paul Scully,@scullyp,Conservative,Sutton and Cheam,5954,3
668,Nusrat Ghani,@Nus_Ghani,Conservative,Wealden,5863,3
669,Neil O'Brien,@NeilDotObrien,Conservative,Harborough,5809,0
670,Anne-Marie Trevelyan,@annietrev,Conservative,Berwick-upon-Tweed,5769,16
671,Antoinette Sandbach,@Sandbach,Conservative,Eddisbury,5761,-2
672,Robert Jenrick,@RobertJenrick,Conservative,Newark,5671,1
673,Matthew Offord,@Offord4Hendon,Conservative,Hendon,5631,1
674,Martin Vickers,@MartinVickers,Conservative,Cleethorpes,5480,-4
675,Daniel Poulter,@drdanpoulter,Conservative,Central Suffolk and North Ipswich,5388,1
676,Tom Pursglove,@VotePursglove,Conservative,Corby,5307,1
677,William Wragg,@William_Wragg,Conservative,Hazel Grove,5258,-3
678,Craig Mackinlay,@cmackinlay,Conservative,South Thanet,5256,0
679,Sarah Newton,@SNewtonUK,Conservative,Truro and Falmouth,5213,8
680,Marcus Jones,@Marcus4Nuneaton,Conservative,Nuneaton,5177,-2
681,Suella Fernandes,@SuellaFernandes,Conservative,Fareham,5107,1
682,James Morris,@JamesMorris,Conservative,Halesowen and Rowley Regis,5088,0
683,Mark Prisk,@PriskMark,Conservative,Hertford and Stortford,5069,0
684,Iain McGill,@IainMcGill,Conservative,Edinburgh North and Leith,5056,-1
685,Rebecca Pow,@pow_rebecca,Conservative,Taunton Deane,5042,5
686,Philip Dunne,@Dunne4Ludlow,Conservative,Ludlow,4926,1
687,Caroline Ansell,@Caroline_Ansell,Conservative,Eastbourne,4833,-3
688,Stephen McPartland,@SMcPartland,Conservative,Stevenage,4802,0
689,Alan Mak,@AlanMakHavant,Conservative,Havant,4786,2
690,Greg Knight,@GregKnight,Conservative,East Yorkshire,4773,2
691,Flick Drummond,@FlickD,Conservative,Portsmouth South,4715,4
692,Nigel Huddleston,@HuddlestonNigel,Conservative,Mid Worcestershire,4653,5
693,Kit Malthouse,@kitmalthouse,Conservative,North West Hampshire,4653,3
694,Craig Williams,@Craig4CardiffN,Conservative,Cardiff North,4642,4
695,Bob Neill,@neill_bob,Conservative,Bromley and Chislehurst,4612,3
696,Edward Timpson,@edwardtimpson,Conservative,Crewe and Nantwich,4575,-1
697,Shaun Bailey,@ShaunBaileyUK,Conservative,Lewisham West and Penge,4513,7
698,Mims Davies,@mimsdavies,Conservative,Eastleigh,4475,6
699,Patrick McLoughlin,@Patrick4Dales,Conservative,Derbyshire Dales,4469,3
700,James Heappey,@JSHeappey,Conservative,Wells,4458,-3
701,Chris Philp,@CPhilpOfficial,Conservative,Croydon South,4385,-1
702,Seema Kennedy,@SeemaKennedy,Conservative,South Ribble,4328,-2
703,Jo Churchill,@Jochurchill4,Conservative,Bury St Edmunds,4291,3
704,Oliver Letwin,@oletwinofficial,Conservative,West Dorset,4245,2
705,John Lamont,@John2Win,Conservative,Berwickshire Roxburgh and Selkirk,4220,0
706,Caroline Spelman,@spelmanc,Conservative,Meriden,4195,5
707,Mark Pawsey,@MarkPawsey,Conservative,Rugby,4185,1
708,Alex Chalk,@AlexChalkChelt,Conservative,Cheltenham,4164,2
709,Andrew Atkinson,@andrew4wrexham,Conservative,Wrexham,4101,8
710,Chris Green,@CGreenUK,Conservative,Bolton West,4086,1
711,Marcus Fysh,@MarcusFysh,Conservative,Yeovil,4053,11
712,Rebecca Harris,@RebeccaHarrisMP,Conservative,Castle Point,4011,1
713,Byron Davies,@Byron_Davies,Conservative,Gower,4005,2
714,Julian Knight,@julianknight15,Conservative,Solihull,4002,5
715,Ranil Jayawardena,@TellRanil,Conservative,North East Hampshire,3995,6
716,Spencer Pitfield,@SpencerPitfield,Conservative,Chesterfield,3937,-3
717,Steve Double,@stevedouble,Conservative,St Austell and Newquay,3889,2
718,Amanda Milling,@amandamilling,Conservative,Cannock Chase,3871,-2
719,James Cartlidge,@jc4southsuffolk,Conservative,South Suffolk,3806,0
720,Kevin Foster,@kevin_j_foster,Conservative,Torbay,3788,6
721,Mary Robinson,@MaryRobinson01,Conservative,Cheadle,3755,7
722,James Davies,@JamesDavies,Conservative,Vale of Clwyd,3694,2
723,Wendy Morton,@morton_wendy,Conservative,Aldridge-Brownhills,3619,-1
724,Huw Merriman,@HuwMerriman,Conservative,Bexhill and Battle,3571,3
725,Victoria Prentis,@VictoriaPrentis,Conservative,Banbury,3557,5
726,Jackie Doyle-Price,@JackieDP,Conservative,Thurrock,3554,1
727,Craig Tracey,@craig4nwarks,Conservative,North Warwickshire,3480,0
728,Michael Tomlinson,@Michael4MDNP,Conservative,Mid Dorset and North Poole,3477,1
729,Ross Thomson,@RossThomsonMSP,Conservative,Aberdeen South,3473,3
730,Desmond Swayne,@DesmondSwayne,Conservative,New Forest West,3448,2
731,Bill Cash,@BillCashMP,Conservative,Stone,3410,1
732,Stephen Metcalfe,@Metcalfe_SBET,Conservative,South Basildon and East Thurrock,3347,-1
733,Helen Whately,@Helen_Whately,Conservative,Faversham and Mid Kent,3337,4
734,Royston Smith,@Royston_Smith,Conservative,Southampton Itchen,3317,-1
735,Simon Hart,@Simonhartmp,Conservative,Carmarthen West and South Pembrokeshire,3256,2
736,Jack Lopresti,@JackLopresti,Conservative,Filton and Bradley Stoke,3198,2
737,John Howell,@JHowellUK,Conservative,Henley,3192,2
738,Robert Alexander Courts,@robertcourts,Conservative,Witney,3188,-2
739,Dan Watkins,@DanWatkins,Conservative,Tooting,3175,9
740,Dean Russell,@dean_r,Conservative,Luton South,3143,-5
741,Ben Wallace,@BWallaceMP,Conservative,Wyre and Preston North,3127,34
742,Robert Syms,@RobertSyms,Conservative,Poole,3100,-1
743,Simon Hoare,@Simon4NDorset,Conservative,North Dorset,3045,2
744,Theo Clarke,@theodoraclarke,Conservative,Bristol East,3018,5
745,Victoria Borwick,@backborwick,Conservative,Kensington,2971,4
746,Tom Hunt,@cllrtomhunt1,Conservative,Doncaster Central,2935,2
747,Hannah David,@HannahDavid_HW,Conservative,Harrow West,2932,5
748,Miles Briggs,@MilesBriggsMSP,Conservative,Edinburgh South West,2877,-2
749,Edward Leigh,@EdwardLeighUK,Conservative,Gainsborough,2855,1
750,Peter Heaton-Jones,@PeterNorthDevon,Conservative,North Devon,2826,3
751,Paul White,@Paul4Burnley,Conservative,Burnley,2795,5
752,Alberto Costa,@AlbertoCosta,Conservative,South Leicestershire,2752,2
753,Claire-Louise Leyland,@ClaireLLeyland,Conservative,Hampstead and Kilburn,2742,6
754,Rahoul Bhansali,@RahoulBhansali,Conservative,Brent Central,2706,2
755,Beth Prescott,@PrescottBeth,Conservative,Dewsbury,2703,-1
756,Alex Williams,@AlexWilliams175,Conservative,Wigan,2696,2
757,Douglas Ross,@Douglas4Moray,Conservative,Moray,2687,0
758,Mike Wood,@mikejwood,Conservative,Dudley South,2681,-1
759,Iain Lindley,@cllrilindley,Conservative,Worsley and Eccles South,2602,0
760,George Grant,@GeorgePBGrant,Conservative,Bradford West,2402,2
761,Paul Holmes,@pauljholmes,Conservative,Southampton Test,2305,2
762,Neil Parish,@neil_parish,Conservative,Tiverton and Honiton,2210,3
763,Joy Morrissey,@joymorrissey,Conservative,Ealing Central and Acton,2208,7
764,Paul Uppal,@PaulUppalWSW,Conservative,Wolverhampton South West,2083,0
765,Alicia Kearns,@aliciakearns,Conservative,Mitcham and Morden,2048,49
766,Resham Kotecha,@ReshamKotecha,Conservative,Coventry North West,1961,1
767,Matt Hartley,@MattHartley100,Conservative,Eltham,1959,-1
768,Andrew Lewer,@ALewerMBE,Conservative,Northampton South,1859,3
769,Gönül Daniels,@GonulDaniels,Conservative,Edmonton,1776,1
770,Reena Ranger,@Reena_Ranger,Conservative,Birmingham Hall Green,1706,3
771,Meghan Gallacher,@GallacherMeghan,Conservative,Motherwell and Wishaw,1692,6
772,Samuel Kasumu,@samuelkasumu,Conservative,Croydon North,1677,2
773,Amy Gray,@hackneyamyg,Conservative,Hackney North and Stoke Newington,1650,5
774,Kemi Badenoch,@KemiBadenoch,Conservative,Saffron Walden,1644,2
775,Caroline Kerswell,@Caroline4Luton,Conservative,Luton North,1626,26
776,Tomos Dafydd Davies,@TomosDafydd,Conservative,Ynys Môn,1489,1
777,Charlie Dewhirst,@charliedewhirst,Conservative,Hammersmith,1484,4
778,Siobhan Baillie,@Siobhan_Baillie,Conservative,Bermondsey and Old Southwark,1415,3
779,Matthew Smith,@Matt4CardiffW,Conservative,Cardiff West,1409,1
780,Caroline Johnson,@drcarolinej,Conservative,Sleaford and North Hykeham,1400,3
781,Dehenna Davison,@DehennaDavison,Conservative,Sedgefield,1384,3
782,Chris Chapman,@ChrisChapman86,Conservative,Ilford South,1373,0
783,Lindsey Hall,@Lindsey4WNorth,Conservative,Westminster North,1364,7
784,Greg Smith,@gregsmith_uk,Conservative,Hayes and Harlington,1353,2
785,Chris Clarkson,@ToryMemo,Conservative,Heywood and Middleton,1348,0
786,Ameet Jogia,@Ameet_Jogia,Conservative,Brent North,1331,10
787,Jamie Halcro Johnston,@jhalcrojohnston,Conservative,Orkney and Shetland,1292,-1
788,Christopher Wilford,@wilford2017,Conservative,Poplar and Limehouse,1257,7
789,Charles Fifield,@charlesfifield,Conservative,Bootle,1255,5
790,Derek Thomas,@DerekThomasUK,Conservative,St Ives,1244,2
791,Jackson Ng,@jacksonngUK,Conservative,St Helens North,1236,2
792,Craig Whittaker,@Craig_Whittaker,Conservative,Calder Valley,1206,3
793,Antony Calvert,@antony_calvert,Conservative,Wakefield,1186,8
794,Peter Malcolm Cuthbertson,@pmcuthbertson,Conservative,Darlington,1178,1
795,Matthew Maxwell Scott,@mmaxwellscott,Conservative,Carshalton and Wallington,1146,0
796,James Bird,@James_Bird_,Conservative,Walsall South,1143,4
797,Tim Mayer,@TJMayer1,Conservative,Coventry North East,1142,2
798,Dolly Theis,@dollytheis,Conservative,Vauxhall,1141,7
799,Adam Sykes,@AdamSykesWirral,Conservative,Wirral South,1120,-5
800,Craig Lawton,@CJRLawton,Conservative,Swansea West,1102,1
801,Ed Young,@EdYoung4York,Conservative,York Central,1101,9
802,Angela Jones-Evans,@AJonesEvans,Conservative,Newport West,1099,1
803,Charlotte Hodivala,@ch4pb,Conservative,Birmingham Perry Barr,1090,3
804,Jane Hunt,@JaneMHunt,Conservative,Nottingham South,1084,1
805,Jason Charalambous,@JasonTGC,Conservative,Islington South and Finsbury,1060,6
806,Bim Afolami,@BimAfolami,Conservative,Hitchin and Harpenden,1055,4
807,Les Jones,@Les4DudleyNorth,Conservative,Dudley North,1052,3
808,David Jones,@voteDavidJones,Conservative,Clwyd West,1040,7
809,Jack Tinley,@Jack_Tinley,Conservative,Nottingham North,1031,-1
810,Thomas Kerr,@CllrTKerr,Conservative,Glasgow East,1027,0
811,Andrew Bowie,@abowie4WAK,Conservative,West Aberdeenshire and Kincardine,1016,6
812,Emma Warman,@EmmaWarman,Conservative,Brighton Pavilion,1016,3
813,Tom Dowse,@Tom4StalyHyde,Conservative,Stalybridge and Hyde,998,1
814,Giles Watling,@GilesWatling,Conservative,Clacton,981,0
815,James Airey,@James4WandL,Conservative,Westmorland and Lonsdale,977,-1
816,Julie Marson,@JulieMarson,Conservative,Dagenham and Rainham,972,2
817,Simon Baynes,@baynes_simon,Conservative,Clwyd South,963,7
818,Jack Rankin,@jackmrankin,Conservative,Ashton-under-Lyne,951,0
819,Matthew James Robinson,@MrMatt_Robinson,Conservative,Leeds East,946,1
820,Jacob Young,@jcbyoung,Conservative,Middlesbrough,942,0
821,Gillian Keegan,@GillianKeegan,Conservative,Chichester,933,2
822,Laura Knightly,@lauraknightly,Conservative,Alyn and Deeside,926,-2
823,Jonathan Gullis,@JEGullis,Conservative,Washington and Sunderland West,899,2
824,Scott Benton,@SL_Benton,Conservative,Huddersfield,869,5
825,Isobel Grant,@isogrant,Conservative,Ealing North,855,4
826,Kristy Adams,@KristyAdamsBlue,Conservative,Hove,839,4
827,Ruth Rosamond Davis,@Ruth_R_Davis,Conservative,Ceredigion,836,5
828,Sam Currie,@Samuel_P_Currie,Conservative,West Lancashire,803,3
829,Nicola Wilson,@NicolaFWilson,Conservative,Penistone and Stocksbridge,788,-2
830,Ben Adams,@benpolitics,Conservative,Stoke-on-Trent North,786,6
831,Callum Laidlaw,@CLaidlaw,Conservative,Falkirk,783,2
832,Suzanne Elizabeth Bartington,@cllrbartington,Conservative,Oxford East,778,2
833,James Daly,@cllrjamesdaly,Conservative,Bolton North East,775,3
834,Edward Yi He,@Edward4East,Conservative,Leicester East,761,3
835,Lana Hempsall,@LanaHempsall,Conservative,Norwich South,760,5
836,Carolyn Abbott,@Abbott4Gedling,Conservative,Gedling,756,4
837,Aaron Bell,@Aaron4DonValley,Conservative,Don Valley,746,0
838,Chris Pearson,@Pearson4Halifax,Conservative,Halifax,742,5
839,Luke Graham,@LGrahamOSP2015,Conservative,Ochil and South Perthshire,724,-1
840,Peter Fortune,@PeterTFortune,Conservative,Lewisham East,719,0
841,Simon Fell,@simonfell,Conservative,Barrow and Furness,703,4
842,Ed McRandal,@EdmcRandal,Conservative,St Helens South and Whiston,696,-1
843,Kirstene Hair,@Kirstene4Angus,Conservative,Angus,675,4
844,Jack Hickey,@Jack4West,Conservative,Leicester West,675,0
845,Peter Anthony,@peterfor2017,Conservative,Blackpool South,670,4
846,Sheila Bodel,@SheilaBodel,Conservative,Belfast East,669,4
847,Ryan Stephenson,@Stephenson_Ryan,Conservative,Leeds North East,643,1
848,Adam James Harold Holloway,@AdamHollowayMP,Conservative,Gravesham,630,2
849,Lee Benjamin Rowley,@Lee4NED,Conservative,North East Derbyshire,629,4
850,Helen Harrison,@helenharrisonuk,Conservative,Bolsover,615,1
851,Leo Docherty,@LeoDochertyUK,Conservative,Aldershot,603,1
852,Eleanor Laing,@eleanor4epping,Conservative,Epping Forest,601,3
853,Dave Dempsey,@cllrdavedempsey,Conservative,Kirkcaldy and Cowdenbeath,600,0
854,Jo Gideon,@jogideon,Conservative,Great Grimsby,592,3
855,Bill Rees,@billvrees,Conservative,Cardiff South and Penarth,587,1
856,Kim Caddy,@KimCaddy,Conservative,Streatham,580,2
857,Taylor Muir,@Taylor_Muir54,Conservative,Glasgow South,580,-1
858,Laura Farris,@Laura__Farris,Conservative,Leyton and Wanstead,573,3
859,Ann Myatt,@AnnMyatt2015,Conservative,Batley and Spen,566,4
860,Molly Samuel-Leport,@Molly4Wstow,Conservative,Walthamstow,556,3
861,Colin Clark,@Colin_J_Clark,Conservative,Gordon,553,2
862,Thomas Smith,@Tom_Smith26,Conservative,Blaydon,550,0
863,Henry Newman,@Henry4NTyneside,Conservative,North Tyneside,537,4
864,Jonathan Lord,@JonathanLord,Conservative,Woking,537,1
865,Kirsty Finlayson,@km_finlayson,Conservative,East Ham,536,6
866,Fiona Green,@Fiona20Green,Conservative,Wythenshawe and Sale East,531,1
867,Caroline Moon,@Moon4Chorley,Conservative,Chorley,521,4
868,Mark Vivis,@MarkVivis,Conservative,Slough,520,1
869,Ben Bradley,@benbradley32,Conservative,Mansfield,503,2
870,Bob Seely,@IoWBobSeely,Conservative,Isle of Wight,497,3
871,Timothy Barnes,@CampaignTim,Conservative,Holborn and St Pancras,490,1
872,Christopher Adams,@C_F_Adams,Conservative,Bishop Auckland,485,3
873,Fabio Conti,@fabio_conti88,Conservative,Ealing Southall,478,-2
874,Sheila Mechan,@sheilamechan,Conservative,East Dunbartonshire,475,-1
875,Eddie Hughes,@EddieHughes,Conservative,Walsall North,447,0
876,Damien Moore,@moore4southport,Conservative,Southport,441,2
877,Robert Oliver,@robert_g_oliver,Conservative,Sunderland Central,425,1
878,Sarah Heald,@sarah_heald,Conservative,Manchester Withington,423,2
879,Guto Bebb,@GutoAberconwy,Conservative,Aberconwy,419,3
880,Struan Mackie,@struanmackie,Conservative,Caithness Sutherland and Easter Ross,418,-3
881,Laetitia Glossop,@TishGlossop,Conservative,North Durham,408,1
882,Patrick Spencer,@pspencer88,Conservative,West Ham,407,-7
883,Penny Mordaunt,@PompeyToryParty,Conservative,Portsmouth North,403,2
884,Caroline Squire,@SquireCaroline,Conservative,Birmingham Edgbaston,383,4
885,Samir Jassal,@samirjassal,Conservative,Feltham and Heston,382,2
886,John Hayward,@DrJohnHayward,Conservative,Cambridge,377,1
887,James Bellis,@jh_bellis,Conservative,Rotherham,369,1
888,Luke Parker,@luke_r_parker,Conservative,Hackney South and Shoreditch,366,0
889,Daniel Stephen Boucher,@DansBoucher,Conservative,Swansea East,357,2
890,Eric Ollerenshaw,@VoteOllerenshaw,Conservative,Lancaster and Fleetwood,343,2
891,Simon Kitchen,@skitchen82,Conservative,Newcastle upon Tyne East,339,0
892,Sadie Vidal,@sadievidal,Conservative,Aberavon,334,1
893,Christine Mackay,@christinemackay,Conservative,Kingston upon Hull West and Hessle,314,2
894,Emma Lane,@emmalaneblue,Conservative,Hornsey and Wood Green,313,-2
895,Clark Vasey,@ClarkVasey,Conservative,Workington,290,1
896,Ben Spencer,@DrBenSpencer,Conservative,Camberwell and Peckham,283,1
897,Grace O'Keeffe,@Grace_E_OKeeffe,Conservative,Aberdeen North,275,1
898,Xingang Wang,@XXingang,Conservative,Manchester Central,265,1
899,Annabel Tall,@annabeltall,Conservative,Bristol West,260,-1
900,Myles Stacey,@TottenhamCCA,Conservative,Tottenham,257,1
901,Michelle Lowe,@Go4Lowe,Conservative,Coventry South,245,0
902,Frank Shivers,@Frankshivers,Conservative,North Down,243,0
903,Carl Jackson,@CllrCarlJackson,Conservative,Hartlepool,232,0
904,James Clark,@_JamesTClark,Conservative,Islington North,214,3
905,Sophie Shrubsole,@Sophie4SellyOak,Conservative,Birmingham Selly Oak,209,-1
906,James Taghdissian,@JTaghdissian,Conservative,Exeter,198,-1
907,Jane Pratt,@Jane4MCC,Conservative,Caerphilly,196,1
908,Anthony Mangnall?,@AnthonyMangnal1,Conservative,Warley,192,3
909,Evonne Williams,@EvonneWilliams,Conservative,Derby South,183,0
910,Rachel Wolf,@racheljanetwolf,Conservative,Dulwich and West Norwood,175,0
911,Tony Caldeira,@tony4ww,Conservative,Wirral West,170,3
912,Duncan Crute,@DuncanCCrute,Conservative,Newcastle upon Tyne North,160,0
913,Meera Sonecha,@Meera4South,Conservative,Leicester South,159,0
914,Sandy Batho,@SandyBatho,Conservative,Edinburgh West,156,1
915,Sarah Pochin,@VoteSarahPochin,Conservative,Bolton South East,141,1
916,Nigel Evans,@ElectNigel,Conservative,Ribble Valley,130,1
917,Tracey West,@traceymwest,Conservative,Blaenau Gwent,118,0
918,Thomas Haddow,@haddow_thomas,Conservative,Glasgow South West,116,1
919,Kieran Mullan,@KieranMullanUK,Conservative,Wolverhampton South East,106,1
920,Matthew Lloyd,@mdlloyd,Conservative,Halton,94,0
921,Jamie Wallis,@JamieWallisCons,Conservative,Ogmore,76,0
922,Felicity Buchan,@Buchan4SDown,Conservative,South Shields,63,0
923,Neil Fairlamb,@FairlambN,Conservative,Dwyfor Meirionnydd,62,1
924,Jade Marsden,@jade4bootle,Conservative,Sefton Central,51,0
925,Eleanor Price,@price_eleanor,Conservative,Dundee East,50,-1
926,Virginia Crosbie,@VirginiaCrosbie,Conservative,Rhondda,49,2
927,Gregory Stafford,@Gregory4Cardiff,Conservative,Cardiff Central,42,-1
928,Daniel Kawczynski,@daniel4shrews,Conservative,Shrewsbury and Atcham,25,1
